classifier,train_data,f1_real,f1_synth,delta
LogisticRegression,real,0.64748,0.64209,0.005390000000000006
LogisticRegression,synth,0.68934,0.72244,0.03310000000000002
LogisticRegression,mixed,0.63358,0.64637,0.012789999999999968
RandomForestClassifier,real,0.94283,0.69292,0.24990999999999997
RandomForestClassifier,synth,0.68029,0.9486,0.26831000000000005
RandomForestClassifier,mixed,0.94184,0.94437,0.0025300000000000322
MLPClassifier,real,0.72258,0.69382,0.028760000000000008
MLPClassifier,synth,0.70174,0.74656,0.04481999999999997
MLPClassifier,mixed,0.71799,0.72293,0.0049399999999999444
