classifier,train_data,f1_real,f1_synth
Random Forest,real,0.9287141870197154,0.8167580625022246
Random Forest,synth,0.9287141870197154,0.2729859945439946
Random Forest,mixed,0.9287141870197154,0.8167580625022246
Logistic Regression,real,0.6925891229537271,0.7011661432206634
Logistic Regression,synth,0.6925891229537271,0.27025259342175045
Logistic Regression,mixed,0.6925891229537271,0.7011661432206634
MLP Classifier,real,0.7263319096557059,0.7191554810350884
MLP Classifier,synth,0.7254986613873682,0.27025259342175045
MLP Classifier,mixed,0.721575561006757,0.7159287406998761
