classifier,train_data,f1_real,f1_synth
LogisticRegression,real,0.638677627819053,0.6474280538384529
LogisticRegression,synth,0.638677627819053,0.6474280538384529
LogisticRegression,mixed,0.638677627819053,0.6428756575436457
RandomForestClassifier,real,0.9282013111562796,0.680182945546074
RandomForestClassifier,synth,0.927857776759898,0.6819017840720986
RandomForestClassifier,mixed,0.9275324972799633,0.8080998037981713
MLPClassifier,real,0.7102933204842499,0.7028839898807372
MLPClassifier,synth,0.7138349260472281,0.6969821111566298
MLPClassifier,mixed,0.7301041475823387,0.7190639499697398
