classifier,train_data,f1_real,f1_synth
Random Forest,real,0.9351298644838337,0.6497679334964309
Random Forest,synth,0.3531059779245474,0.9578528864856638
Random Forest,mixed,0.9585936965591123,0.9548556418101392
Logistic Regression,real,0.855026583917735,0.6622781571708957
Logistic Regression,synth,0.4579621095750128,0.9217466907981121
Logistic Regression,mixed,0.7875884649571879,0.8128448164738488
MLP Classifier,real,0.8603279326618986,0.6820460423545978
MLP Classifier,synth,0.4324739682944451,0.9224305264627846
MLP Classifier,mixed,0.8298596564725597,0.8709972822876048
