classifier,train_data,f1_real,f1_synth
Random Forest,real,0.9896170013105005,0.6521543130449726
Random Forest,synth,0.49230549614758196,0.8632418991579294
Random Forest,mixed,0.9891422995787403,0.9270625831704339
Logistic Regression,real,0.9346330263899151,0.6082828186309943
Logistic Regression,synth,0.4353029267886748,0.44338465189669385
Logistic Regression,mixed,0.6356199052808474,0.5239930112406259
MLP Classifier,real,0.9342494172984546,0.6187006285708964
MLP Classifier,synth,0.43474093383205104,0.4977938713763653
MLP Classifier,mixed,0.8097827362298475,0.64855624633367
