classifier,train_data,f1_real,f1_synth
Random Forest,real,0.9351298644838337,0.6470723658661948
Random Forest,synth,0.542442287712541,0.977181716155126
Random Forest,mixed,0.9522234960297451,0.9628508823152636
Logistic Regression,real,0.855026583917735,0.6358731996152517
Logistic Regression,synth,0.6081882653753233,0.9115920915712799
Logistic Regression,mixed,0.7432596364133406,0.8024564058903288
MLP Classifier,real,0.8731916202372926,0.6635048332574296
MLP Classifier,synth,0.5290829384486734,0.9416988078541375
MLP Classifier,mixed,0.8587736583467134,0.8774628544570781
