classifier,train_data,f1_real,f1_synth
Random Forest,real,0.896774193548387,0.6195267944216051
Random Forest,synth,0.2596643051423653,0.977181716155126
Random Forest,mixed,0.936481864584741,0.9515206156292595
Logistic Regression,real,0.8519924997593138,0.6455197824569362
Logistic Regression,synth,0.35532693984306885,0.9146704880333566
Logistic Regression,mixed,0.7392821077425624,0.8012684008956241
MLP Classifier,real,0.7971560906436227,0.5810164146421655
MLP Classifier,synth,0.3298530924676559,0.9054671097855217
MLP Classifier,mixed,0.751846825441716,0.810594829324071
