classifier,train_data,f1_real,f1_synth
Random Forest,real,0.9896384893573017,0.1279537229891147
Random Forest,synth,0.08341432502112886,0.8632339567828764
Random Forest,mixed,0.1508320449884568,0.9217168401202191
Logistic Regression,real,0.9348844598190049,0.053753757054964726
Logistic Regression,synth,0.0769554081192127,0.40990516240377356
Logistic Regression,mixed,0.09189403236553108,0.5302888180433426
MLP Classifier,real,0.9311849345990489,0.09684719831395366
MLP Classifier,synth,0.0625599060002677,0.49381888833312165
MLP Classifier,mixed,0.05653632918716051,0.6450410518788077
