classifier,train_data,f1_real,f1_synth
LogisticRegression,real,0.7087454661085795,0.3509079267185242
LogisticRegression,synth,0.7087454661085795,0.3509079267185242
LogisticRegression,mixed,0.7087454661085795,0.5314838044179603
RandomForestClassifier,real,0.9886630231402561,0.3144818256912926
RandomForestClassifier,synth,0.9886781032038916,0.31567562944324223
RandomForestClassifier,mixed,0.9891584824847107,0.6544503305289109
MLPClassifier,real,0.9065244887662547,0.33248611542241385
MLPClassifier,synth,0.8975859706170374,0.32553295567626017
MLPClassifier,mixed,0.8901539094749036,0.6147826363626779
