classifier,train_data,f1_real,f1_synth
Random Forest,real,0.9896170013105005,0.6544537537986732
Random Forest,synth,0.38464797986190613,0.8352800323695225
Random Forest,mixed,0.9872973344830014,0.918822721140417
Logistic Regression,real,0.9346330263899151,0.610104578241241
Logistic Regression,synth,0.404296763364425,0.4175584995634808
Logistic Regression,mixed,0.6428052786945302,0.5239720089830497
MLP Classifier,real,0.9362690531775163,0.6262681759113363
MLP Classifier,synth,0.3989509854074674,0.47816627693001973
MLP Classifier,mixed,0.7984652673020907,0.616629035038969
